,Onset,End,timezone,Eocum,Dpo,Tpeak,WLres,Wpre_exposed,Wpre_partially,Wpre_sheltered,dW_exposed,dW_partially,dW_sheltered
0,8/04/1992 1:00,8/04/1992 12:00,AEST,90269.79082,175.74973181838823,11.76,0.027543908,,,,,,
1,22/05/1992 17:00,23/05/1992 11:00,AEST,144482.5675,161.49505746063068,13.33,0.115055964,,,,,,
2,28/06/1992 11:00,29/06/1992 1:00,AEST,98014.92003,128.53715850062378,11.11,0.168359525,,,,,,
3,20/07/1992 18:00,21/07/1992 20:00,AEST,200767.3793,169.34022928966158,10.52,0.198119295,,,,,,
4,26/07/1992 3:00,26/07/1992 18:00,AEST,118893.6286,172.2838905936457,12.5,0.020681861,,,,,,
5,9/08/1992 17:00,10/08/1992 0:00,AEST,41202.92281,179.50106725074602,10.52,0.147322448,,,,,,
6,24/08/1992 18:00,26/08/1992 4:00,AEST,282404.4329,169.88037480999276,11.11,0.218977802,,,,,,
7,26/09/1992 5:00,26/09/1992 18:00,AEST,87922.79177,162.28678332443877,11.11,0.27678751,,,,,,
8,20/10/1992 18:00,24/10/1992 3:00,AEST,788503.2642,155.80565365255325,15.38,0.188201004,,,,,,
9,5/11/1992 23:00,6/11/1992 6:00,AEST,54369.49215,140.54331583004685,8.8,0.117962405,69.19969808,44.51942336,33.56917108,,,
10,12/11/1992 12:00,14/11/1992 2:00,AEST,278402.3117,157.50434131305886,12.5,0.189781901,,,,,,
11,30/11/1992 16:00,2/12/1992 10:00,AEST,236217.4862,140.88919786423685,12.5,0.240909892,,,,,,
12,25/01/1993 16:00,25/01/1993 23:00,AEST,45291.08329,184.5120371342626,10.52,-0.036849378,,,,,,
13,30/03/1993 17:00,31/03/1993 7:00,AEST,112790.4676,171.82778337228422,12.5,0.131439259,,,,,,
14,4/05/1993 11:00,4/05/1993 20:00,AEST,62798.58135,172.7234735686444,11.1,-0.009429663,70.51604423,53.41661963,48.13926912,,,
15,15/05/1993 2:00,16/05/1993 5:00,AEST,233839.7294,171.22997264131487,11.1,0.068041881,,,,,,
16,13/06/1993 13:00,15/06/1993 16:00,AEST,459003.5644,169.59568478622225,17.1,0.124753238,,,,,,
17,24/06/1993 12:00,24/06/1993 22:00,AEST,60308.18439,160.81824201762237,15.38,-0.015776698,,,,,,
18,4/08/1993 15:00,5/08/1993 5:00,AEST,88986.80439,168.67374348509443,10.0,0.13138058,,,,,,
19,3/09/1993 19:00,4/09/1993 17:00,AEST,142998.5565,172.06463316450527,12.5,0.034878049,,,,,,
20,5/10/1993 0:00,5/10/1993 15:00,AEST,123018.6711,160.89548422447044,11.76,0.069276016,,,,,,
21,10/10/1993 22:00,12/10/1993 10:00,AEST,231840.7626,167.16791964888813,12.5,0.032500332,,,,,,
22,26/10/1993 22:00,27/10/1993 5:00,AEST,40233.11406,162.12543396771372,10.52,-0.003659069,,,,,,
23,28/02/1994 6:00,1/03/1994 2:00,AEST,193480.3892,166.62138996161775,11.1,0.129474476,67.25354423,51.25119907,59.33093578,,,
24,12/03/1994 1:00,15/03/1994 5:00,AEST,677268.9651,169.20090872613497,13.5,0.293518303,,,,,,
25,13/04/1994 10:00,15/04/1994 6:00,AEST,444122.452,166.89545448140674,11.76,0.355806599,,,,,,
26,9/06/1994 16:00,12/06/1994 3:00,AEST,455656.9651,155.58578767521206,13.33,0.12043238,,,,,,
27,17/07/1994 8:00,17/07/1994 15:00,AEST,38285.42471,178.683973907631,9.09,0.041249644,,,,,,
28,22/07/1994 23:00,23/07/1994 20:00,AEST,139278.9128,174.72612538710257,15.38,0.02312063,,,,,,
29,9/08/1994 11:00,10/08/1994 18:00,AEST,258445.6671,175.40612393914387,15.1,0.02964593,,,,,,
30,7/09/1994 0:00,8/09/1994 3:00,AEST,196931.8802,176.61363676526997,12.5,0.091076206,,,,,,
31,21/09/1994 10:00,21/09/1994 21:00,AEST,79659.08881,175.8637626586741,12.5,0.189730067,,,,,,
32,26/09/1994 0:00,26/09/1994 8:00,AEST,46905.17528,171.38893181115344,14.28,0.030328193,,,,,,
33,20/10/1994 22:00,21/10/1994 10:00,AEST,89069.98456,165.56581505935384,10.52,0.090017021,,,,,,
34,30/11/1994 20:00,1/12/1994 5:00,AEST,58197.3065,160.34733356215412,10.2,-0.060167796,,,,,,
35,2/01/1995 17:00,3/01/1995 3:00,AEST,57031.00873,151.5091589400129,9.09,0.061663231,76.810275,45.68017103,45.02603382,,,
36,20/01/1995 15:00,22/01/1995 13:00,AEST,250586.0243,138.4059313570204,11.76,0.096992258,,,,,,
37,17/02/1995 12:00,20/02/1995 2:00,AEST,185993.2777,165.56834292497348,10.0,0.059134718,,,,,,
38,1/03/1995 11:00,8/03/1995 8:00,AEST,1291451.487,107.83133328341968,15.38,0.130712189,,,,,,
39,13/03/1995 0:00,13/03/1995 14:00,AEST,130256.0215,175.62175246467507,13.5,-0.000457197,,,,,,
40,15/03/1995 23:00,16/03/1995 16:00,AEST,114692.8882,175.5000338575524,15.1,0.075262735,,,,,,
41,11/04/1995 4:00,12/04/1995 1:00,AEST,153415.1859,169.70263880813303,15.38,0.243830225,,,,,,
42,5/05/1995 7:00,5/05/1995 17:00,AEST,62987.38187,173.37331824844154,10.52,0.014527827,,,,,,
43,18/05/1995 15:00,19/05/1995 4:00,AEST,82043.73471,145.39472321337126,10.52,0.216972246,,,,,,
44,16/06/1995 7:00,22/06/1995 11:00,AEST,1110312.362,154.9817944542363,12.5,0.237726024,,,,,,
45,8/08/1995 18:00,10/08/1995 10:00,AEST,340944.4106,171.92517470723735,12.2,0.086208529,,,,,,
46,5/09/1995 23:00,7/09/1995 12:00,AEST,199275.5604,173.73744990236926,12.2,0.132249118,,,,,,
47,25/09/1995 9:00,27/09/1995 17:00,AEST,721840.0722,146.9877822229121,14.28,0.292060891,,,,,,
48,30/09/1995 19:00,1/10/1995 3:00,AEST,53466.58915,137.28191493402022,13.5,-0.014234719,56.847775,41.58484393,24.49319069,,,
49,24/10/1995 0:00,24/10/1995 19:00,AEST,159846.5471,182.0566389403956,10.52,0.053406972,,,,,,
50,23/11/1995 9:00,23/11/1995 21:00,AEST,83606.71334,184.22830883060053,10.52,0.0994177,,,,,,
51,21/12/1995 13:00,22/12/1995 13:00,AEST,204499.1396,180.27993732572256,13.33,0.237139373,,,,,,
52,12/02/1996 16:00,16/02/1996 23:00,AEST,498031.5049,147.26736756526643,14.28,0.209533129,,,,,,
53,18/03/1996 15:00,19/03/1996 9:00,AEST,147709.3897,166.05257803436638,18.18,0.17766864,63.61123654,41.55961028,32.35789657,,,
54,3/05/1996 3:00,5/05/1996 23:00,AEST,334598.3526,70.61984729611788,13.5,0.015917823,,,,,,
55,13/05/1996 15:00,14/05/1996 0:00,AEST,67574.40027,181.84947283100817,12.2,0.035744248,,,,,,
56,15/07/1996 4:00,16/07/1996 16:00,AEST,241531.7556,155.32372852734426,11.76,,,,,,,
57,19/08/1996 10:00,20/08/1996 7:00,AEST,212789.1377,173.6668535432617,12.5,,56.22758269,41.74746075,26.58338676,,,
58,30/08/1996 18:00,1/09/1996 23:00,AEST,687017.2081,143.02403344134837,12.5,0.257046274,,,,,,
59,5/11/1996 8:00,7/11/1996 4:00,AEST,332145.0808,179.7930747782824,11.76,0.107664368,,,,,,
60,18/11/1996 16:00,19/11/1996 20:00,AEST,282388.1217,157.072450380323,14.28,0.11071922,,,,,,
61,13/12/1996 10:00,13/12/1996 17:00,AEST,41100.18094,175.89061280514974,10.52,0.060919024,,,,,,
62,8/01/1997 1:00,9/01/1997 3:00,AEST,220352.1311,170.8147606679651,13.33,0.118147076,,,,,,
63,7/04/1997 9:00,7/04/1997 17:00,AEST,56407.79075,172.44441672215453,12.2,0.204180554,,,,,,
64,9/05/1997 11:00,12/05/1997 20:00,AEST,1495716.191,152.13997716604183,13.33,0.384726687,,,,,,
65,14/05/1997 20:00,15/05/1997 11:00,AEST,90968.01725,158.65852519811256,15.38,-0.022393045,,,,,,
66,15/06/1997 13:00,18/06/1997 14:00,AEST,384736.4818,153.6781388913463,10.52,0.113057473,,,,,,
67,26/06/1997 18:00,27/06/1997 10:00,AEST,108754.0647,150.77267588844012,11.76,-0.007552827,,,,,,
68,31/07/1997 23:00,3/08/1997 0:00,AEST,147484.827,169.10907544560723,12.5,-0.051128204,51.76075577,51.87175981,43.31524951,,,
69,17/09/1997 6:00,17/09/1997 18:00,AEST,79276.09376,167.15356204501606,14.28,-0.119597025,,,,,,
70,7/10/1997 12:00,7/10/1997 22:00,AEST,69779.28721,80.45176630962965,9.09,0.060341869,75.61748654,46.06989065,41.13485735,,,
71,18/10/1997 13:00,18/10/1997 20:00,AEST,43353.71314,183.00148724992343,10.52,0.001342684,,,,,,
72,10/12/1997 0:00,10/12/1997 14:00,AEST,114363.1345,185.06452755069347,10.52,-0.05318373,,,,,,
73,23/02/1998 6:00,23/02/1998 19:00,AEST,82817.30143,164.7112334085634,11.76,0.05260426,,,,,,
74,7/03/1998 0:00,9/03/1998 7:00,AEST,557297.8538,153.16565436374606,15.1,0.292713309,,,,,,
75,5/05/1998 6:00,7/05/1998 7:00,AEST,246786.315,153.8166520440254,11.76,0.215313469,,,,,,
76,18/05/1998 20:00,20/05/1998 2:00,AEST,245522.3701,136.98159502357697,11.76,0.230516692,,,,,,
77,22/05/1998 3:00,23/05/1998 3:00,AEST,209719.3006,156.74115159493465,13.33,0.08246066,,,,,,
78,25/05/1998 15:00,26/05/1998 12:00,AEST,147588.32,155.0994963593281,11.76,0.198281746,,,,,,
79,4/06/1998 18:00,6/06/1998 2:00,AEST,257230.9702,98.77543856765551,12.5,0.002886674,,,,,,
80,8/06/1998 10:00,9/06/1998 7:00,AEST,229718.6845,163.3922283278761,12.5,,,,,,,
81,25/06/1998 23:00,26/06/1998 16:00,AEST,130470.9537,165.99949207481563,12.5,0.162792613,,,,,,
82,1/07/1998 0:00,2/07/1998 7:00,AEST,309634.3298,142.6616762099551,13.33,0.099517468,,,,,,
83,10/07/1998 14:00,11/07/1998 2:00,AEST,88882.75392,168.99964836993792,14.28,0.130742589,,,,,,
84,14/07/1998 23:00,15/07/1998 20:00,AEST,147429.3214,158.32089112061882,11.11,0.118123768,,,,,,
85,6/08/1998 9:00,9/08/1998 19:00,AEST,779930.3964,135.38502574773776,12.2,0.343971966,,,,,,
86,16/08/1998 7:00,18/08/1998 13:00,AEST,233096.2178,108.72523955292584,10.52,-0.014145334,,,,,,
87,27/08/1998 9:00,28/08/1998 2:00,AEST,114900.1477,132.32646275479314,15.38,-0.09509604,51.95546731,30.21101215,22.16819069,,,
88,25/09/1998 2:00,25/09/1998 16:00,AEST,88058.68596,176.36814563271247,9.09,0.025145028,,,,,,
89,8/10/1998 4:00,8/10/1998 13:00,AEST,52454.90845,151.19110938151476,15.38,0.163768323,,,,,,
90,31/10/1998 19:00,3/11/1998 3:00,AEST,426251.8514,154.43150698494975,12.5,0.09010693,,,,,,
91,18/11/1998 5:00,19/11/1998 7:00,AEST,189300.0737,141.759591504114,10.0,-0.049956004,,,,,,
92,5/02/1999 11:00,5/02/1999 21:00,AEST,56780.11139,72.99991688432092,13.33,-0.135135209,65.97565962,43.04465701,36.47505343,0.0,0.0,0.0
93,8/02/1999 8:00,9/02/1999 4:00,AEST,140559.8988,131.35535577138756,10.2,-0.015253596,65.97565962,43.04465701,36.47505343,,,
94,22/03/1999 23:00,23/03/1999 6:00,AEST,40664.83559,158.3723345112125,10.2,-0.084564328,,,,,,
95,28/03/1999 18:00,29/03/1999 13:00,AEST,141530.5271,164.79087606913947,11.1,0.054017516,58.27517885,53.12876916,43.42750441,,,
96,6/04/1999 23:00,7/04/1999 10:00,AEST,88389.04115,155.25495173727631,11.76,-0.089490157,,,,,,
97,21/04/1999 12:00,25/04/1999 13:00,AEST,1067336.763,137.44973086840434,15.38,0.202865126,,,,,,
98,28/04/1999 7:00,30/04/1999 14:00,AEST,548466.6278,135.29298041533573,13.33,0.385875094,,,,,,
99,24/05/1999 21:00,25/05/1999 16:00,AEST,166717.6161,61.04434950035044,15.38,0.068431661,,,,,,
100,11/06/1999 21:00,13/06/1999 0:00,AEST,262484.2571,159.42527312978044,14.28,0.159042152,,,,,,
101,1/07/1999 21:00,3/07/1999 3:00,AEST,214238.6019,158.51567571475076,11.76,0.150245255,,,,,,
102,14/07/1999 1:00,17/07/1999 4:00,AEST,850419.1237,99.10328293275924,13.33,0.15307597,,,,,,
103,31/07/1999 19:00,1/08/1999 13:00,AEST,124646.7644,165.81408319900794,10.52,0.042629131,,,,,,
104,15/08/1999 18:00,16/08/1999 19:00,AEST,254206.6496,138.15904207171607,13.33,0.06861199,,,,,,
105,11/09/1999 12:00,13/09/1999 16:00,AEST,408716.2495,146.37022618056176,13.33,0.117339547,,,,,,
106,19/10/1999 5:00,19/10/1999 14:00,AEST,62384.70161,170.4991043786157,9.09,0.112632647,,,,,,
107,24/10/1999 4:00,24/10/1999 16:00,AEST,84542.03007,115.30596846124726,10.2,0.224616139,,,,,,
108,8/11/1999 23:00,12/11/1999 9:00,AEST,746319.8505,161.26625698135211,15.1,0.213672581,,,,,,
109,29/12/1999 12:00,1/01/2000 4:00,AEST,618840.9747,177.2252042047657,13.5,0.282702627,,,,,,
110,5/01/2000 22:00,8/01/2000 0:00,AEST,477774.8325,172.82895418033883,13.5,0.330339709,,,,,,
111,28/01/2000 21:00,29/01/2000 10:00,AEST,82078.45423,177.99983680348524,9.5,0.17013025,,,,,,
112,13/02/2000 2:00,13/02/2000 13:00,AEST,86480.60749,172.99606298111587,9.4,0.095852324,43.19296731,44.06241402,30.28338676,,,
113,7/03/2000 11:00,9/03/2000 5:00,AEST,267118.0493,126.42606522498836,11.1,0.023343395,,,,,,
114,23/03/2000 20:00,24/03/2000 22:00,AEST,141750.0011,158.96490688170405,12.2,0.15646036,,,,,,
115,5/04/2000 20:00,6/04/2000 19:00,AEST,223738.2472,175.76425708948713,12.2,0.288409502,,,,,,
116,6/05/2000 15:00,7/05/2000 3:00,AEST,113507.6948,177.84852695852905,12.2,0.11370663,,,,,,
117,31/05/2000 0:00,3/06/2000 5:00,AEST,533807.0411,169.92203749750917,13.5,0.252389266,,,,,,
118,11/06/2000 21:00,12/06/2000 6:00,AEST,61612.30255,176.19410608213292,13.5,-0.017756609,,,,,,
119,30/06/2000 8:00,2/07/2000 21:00,AEST,818433.6349,155.20891083848136,13.5,0.228356605,,,,,,
120,17/07/2000 0:00,18/07/2000 8:00,AEST,280329.6586,140.688477673908,12.2,0.155398996,,,,,,
121,16/08/2000 14:00,17/08/2000 17:00,AEST,193051.5731,162.8010655174476,11.1,0.050514892,,,,,,
122,4/03/2001 23:00,10/03/2001 2:00,AEST,958845.3778,92.79894779816686,13.5,0.096627696,,,,,,
123,11/04/2001 23:00,12/04/2001 18:00,AEST,133747.339,160.81179231037976,12.2,0.273592667,33.14681346,48.85774112,50.31819069,,,
124,6/05/2001 17:00,12/05/2001 7:00,AEST,607549.7803,156.63019282325484,12.2,0.18197445,,,,,,
125,18/05/2001 15:00,18/05/2001 22:00,AEST,42407.38402,181.1254626241843,12.2,0.065020259,,,,,,
126,29/05/2001 11:00,29/05/2001 21:00,AEST,64053.81592,135.6244548928228,11.1,0.101089245,,,,,,
127,17/06/2001 15:00,17/06/2001 22:00,AEST,45810.38919,146.88372751264737,12.2,0.111739646,,,,,,
128,19/07/2001 7:00,21/07/2001 17:00,AEST,405142.1744,163.1210161888172,13.5,0.136715192,,,,,,
129,27/07/2001 16:00,30/07/2001 9:00,AEST,972758.7763,162.35705808621526,15.0,0.381948542,,,,,,
130,23/08/2001 16:00,24/08/2001 1:00,AEST,52339.50246,171.2993587581523,12.2,0.137982241,,,,,,
131,29/08/2001 16:00,30/08/2001 20:00,AEST,193172.3272,138.3663474155077,11.1,0.235031107,,,,,,
132,26/09/2001 5:00,27/09/2001 8:00,AEST,202826.587,176.52965436247254,11.1,0.127550075,,,,,,
133,8/10/2001 9:00,9/10/2001 8:00,AEST,234322.1463,171.12358134981315,12.2,0.260272033,45.72806346,53.41848879,36.47064167,,,
134,13/11/2001 22:00,14/11/2001 14:00,AEST,117827.6332,176.0611085501721,12.2,-0.003287954,,,,,,
135,18/11/2001 19:00,22/11/2001 12:00,AEST,1243519.505,160.09449528922556,12.2,0.212856619,,,,,,
136,4/12/2001 15:00,5/12/2001 12:00,AEST,132209.5297,170.34569915249347,12.2,0.16129381,,,,,,
137,12/12/2001 3:00,12/12/2001 10:00,AEST,45989.1596,170.1243435105078,12.2,0.06104986,,,,,,
138,5/02/2002 11:00,5/02/2002 21:00,AEST,67302.0356,119.54434623930828,9.4,0.085707128,,,,,,
139,11/02/2002 14:00,12/02/2002 2:00,AEST,72314.97616,182.004396115218,12.2,0.253160658,,,,,,
140,30/03/2002 6:00,31/03/2002 19:00,AEST,198915.1896,175.17326618115965,15.0,0.19286755,,,,,,
141,4/04/2002 20:00,5/04/2002 5:00,AEST,53901.06833,181.7994745693792,11.1,0.016181732,,,,,,
142,21/04/2002 22:00,22/04/2002 9:00,AEST,91338.71228,181.08989630195515,11.1,0.187660777,,,,,,
143,10/05/2002 23:00,11/05/2002 7:00,AEST,48014.06573,179.66730271604163,10.2,0.062127333,,,,,,
144,23/05/2002 9:00,23/05/2002 18:00,AEST,52698.13301,175.30008720201357,13.5,0.175948333,,,,,,
145,28/05/2002 20:00,30/05/2002 7:00,AEST,288345.7021,154.0286146039427,17.1,0.004250957,,,,,,
146,18/06/2002 1:00,19/06/2002 15:00,AEST,358137.9241,155.00297630978818,13.5,0.173868881,,,,,,
147,29/06/2002 0:00,1/07/2002 4:00,AEST,777887.1232,160.3637370903017,15.0,0.170586937,,,,,,
148,24/07/2002 21:00,25/07/2002 16:00,AEST,154343.4866,177.73029729653695,10.2,0.09428795,,,,,,
149,14/08/2002 11:00,17/08/2002 11:00,AEST,901104.5413,153.7946932352663,15.0,0.149251454,,,,,,
150,23/08/2002 12:00,24/08/2002 9:00,AEST,152165.038,170.54021277632316,11.1,-0.028397058,,,,,,
151,20/09/2002 2:00,20/09/2002 12:00,AEST,60672.3824,164.9093589536682,12.2,0.148976483,,,,,,
152,26/10/2002 8:00,26/10/2002 23:00,AEST,97043.7733,181.25684410205588,10.2,0.009821617,,,,,,
153,7/12/2002 3:00,7/12/2002 11:00,AEST,53316.72067,172.66548354922065,11.1,0.118938029,,,,,,
154,10/12/2002 23:00,12/12/2002 10:00,AEST,333196.578,118.62545882408136,12.2,0.130147552,,,,,,
155,8/01/2003 20:00,9/01/2003 18:00,AEST,217767.3035,172.76193803285395,12.2,0.092875504,,,,,,
156,3/04/2003 11:00,4/04/2003 7:00,AEST,155918.9081,183.3597685498597,11.1,0.078391064,,,,,,
157,9/04/2003 16:00,10/04/2003 7:00,AEST,96314.79156,176.74933300604062,12.2,0.119690308,,,,,,
158,16/04/2003 3:00,20/04/2003 1:00,AEST,681922.5931,156.5749639587875,15.0,0.178067497,,,,,,
159,4/05/2003 2:00,5/05/2003 19:00,AEST,504843.2266,170.90844158109985,15.0,0.108567931,,,,,,
160,17/05/2003 7:00,17/05/2003 21:00,AEST,98493.61152,96.19701953356768,12.2,0.083222962,,,,,,
161,27/06/2003 4:00,28/06/2003 2:00,AEST,212062.7483,87.34762955810395,15.0,0.10276496,,,,,,
162,31/07/2003 0:00,2/08/2003 2:00,AEST,565261.7064,166.42547016509212,13.5,0.098848912,,,,,,
163,10/08/2003 2:00,10/08/2003 22:00,AEST,135390.9844,169.82168159343027,12.2,0.032955148,43.74104423,45.47456355,39.2794652,0.0,0.0,0.0
164,14/08/2003 20:00,15/08/2003 9:00,AEST,86717.73856,169.8596353908075,12.2,0.101958557,,,,,,
165,19/08/2003 1:00,19/08/2003 17:00,AEST,113342.5398,180.76453256704576,11.1,0.184550585,,,,,,
166,3/09/2003 21:00,4/09/2003 22:00,AEST,278430.2603,171.30782702281306,19.7,0.10389905,,,,,,
167,3/10/2003 3:00,3/10/2003 22:00,AEST,143648.9628,164.04984694539024,11.1,0.145860186,,,,,,
168,11/10/2003 3:00,13/10/2003 9:00,AEST,547920.2752,159.02663789203876,13.5,0.15540259,,,,,,
169,27/10/2003 7:00,27/10/2003 14:00,AEST,43546.64636,163.3744491987171,12.2,0.02973359,,,,,,
170,17/11/2003 7:00,17/11/2003 19:00,AEST,79018.96154,159.23564250599347,10.2,-0.052705771,,,,,,
171,24/11/2003 15:00,24/11/2003 22:00,AEST,41385.93716,141.9268327601721,8.8,0.076824734,,,,,,
172,5/12/2003 17:00,6/12/2003 0:00,AEST,44330.84651,177.88623108633865,10.2,0.078503373,,,,,,
173,8/12/2003 4:00,8/12/2003 14:00,AEST,62976.60076,96.9090918322762,12.2,0.001178089,,,,,,
174,25/02/2004 10:00,27/02/2004 15:00,AEST,543026.2229,95.3590634837228,13.5,0.141092175,,,,,,
175,29/02/2004 20:00,1/03/2004 13:00,AEST,136448.0482,173.9454490424292,12.2,,,,,,,
176,10/03/2004 12:00,10/03/2004 21:00,AEST,58663.70293,175.505080293917,11.1,0.053936966,,,,,,
177,12/05/2004 5:00,15/05/2004 7:00,AEST,335822.025,161.26823171309672,13.5,0.269331374,,,,,,
178,10/07/2004 4:00,10/07/2004 14:00,AEST,59975.02442,113.00634659582896,12.2,-0.102659339,,,,,,
179,18/07/2004 1:00,20/07/2004 11:00,AEST,782214.3114,166.48379676608585,13.5,0.176192763,,,,,,
180,15/08/2004 7:00,16/08/2004 5:00,AEST,227214.6633,172.83018419954607,12.2,0.120833651,,45.52738179,47.5854071,,4.160563765,6.900969625
181,1/10/2004 13:00,2/10/2004 20:00,AEST,353228.1851,121.7669795194254,12.2,0.213026628,,52.14106596,41.28566287,,18.65641389,8.358674857
182,20/10/2004 16:00,21/10/2004 21:00,AEST,270294.7473,68.3851261204476,12.2,-0.000981799,,34.39697834,40.5238976,,3.363098877,17.92518391
183,28/10/2004 9:00,29/10/2004 13:00,AEST,360672.4146,170.6897446076855,15.1,0.091960685,,33.37086457,24.84601137,,-1.811943894,1.104596536
184,15/12/2004 3:00,15/12/2004 12:00,AEST,57319.21706,174.3000390630117,12.2,0.104878249,,35.17340114,30.91984371,,0.621615578,0.126084467
185,27/12/2004 20:00,30/12/2004 9:00,AEST,351730.671,179.25769973616093,13.5,0.269904411,,33.19442178,30.99580993,,1.228202161,4.917980696
186,17/03/2005 15:00,17/03/2005 23:00,AEST,48780.42095,184.00618183105243,10.2,0.145288633,,54.95063819,40.70662819,,1.064588243,-0.018614442
187,22/03/2005 17:00,26/03/2005 8:00,AEST,690023.7617,150.08722740205667,12.2,0.321426444,,52.00360001,41.07124311,,15.65810928,4.363599053
188,4/04/2005 6:00,4/04/2005 18:00,AEST,88436.98584,174.9305954897547,11.1,-0.007367899,,37.34069986,40.25363111,,-1.402835858,0.157961818
189,14/05/2005 12:00,19/05/2005 14:00,AEST,581150.1577,117.03250090257043,15.0,0.14319408,54.585275,58.5604145,49.96594297,,20.60252398,11.70354432
190,25/05/2005 23:00,26/05/2005 6:00,AEST,42650.1253,178.6364822335272,11.1,0.042062929,,40.02555469,41.45635449,,1.610207849,-0.108192826
191,29/05/2005 13:00,30/05/2005 1:00,AEST,76361.97233,171.07682980600805,15.0,0.171954202,,38.41534684,41.56454731,,2.566685421,-3.114131247
192,24/06/2005 5:00,25/06/2005 3:00,AEST,218382.7862,153.50534294362978,12.2,0.139504782,,44.18493296,46.72765837,,2.395480009,2.825705944
193,30/06/2005 5:00,1/07/2005 8:00,AEST,227202.1786,75.28743801801795,11.1,-0.009047719,,41.7264881,44.12773862,,9.033808914,14.24357731
194,10/07/2005 10:00,12/07/2005 0:00,AEST,551823.2713,150.3727339489724,13.29875,0.327168295,,33.38680526,32.33498918,,1.592722242,0.476721001
195,18/07/2005 13:00,18/07/2005 20:00,AEST,37977.04024,160.49998107101345,12.2,0.106198978,,33.30680673,34.35379972,,-1.560934224,0.501249411
196,15/11/2005 15:00,17/11/2005 1:00,AEST,377212.6033,174.68669938801798,11.1,0.228474028,,,36.56046792,,,2.368377073
197,27/11/2005 12:00,29/11/2005 2:00,AEST,369257.5091,179.0327065680624,12.2,0.252783132,,39.35307345,34.65693068,,-1.785871758,1.290247141
198,7/02/2006 2:00,7/02/2006 15:00,AEST,142326.1004,183.06878179622132,11.1,0.153191799,,51.55467431,42.96081141,,-2.433301291,-1.192970276
199,27/03/2006 18:00,28/03/2006 14:00,AEST,149092.7274,109.693113904492,15.0,0.18507897,,65.42441163,50.13387634,,6.923679027,1.135008217
200,1/04/2006 12:00,2/04/2006 8:00,AEST,167032.4825,180.3319636030048,12.2,0.163312796,35.73272396,58.55275994,50.39801099,,0.08402752,0.788083303
201,9/04/2006 1:00,10/04/2006 7:00,AEST,304877.5939,171.96705034172115,17.1,0.315936985,,58.88228704,50.76333346,,10.384359,2.85727668
202,28/04/2006 3:00,29/04/2006 0:00,AEST,135013.0767,141.00137353042794,15.0,0.387958379,30.52373654,52.14949635,51.14857364,,2.244054517,-1.806099528
203,2/06/2006 22:00,5/06/2006 0:00,AEST,737999.3957,171.6166086017191,13.5,0.221016065,,58.8035137,60.15155733,,7.729763432,4.134938484
204,11/06/2006 9:00,12/06/2006 20:00,AEST,431400.4209,167.25399634323506,13.5,0.133486141,,55.95237008,59.58985127,,10.29119198,6.501465427
205,16/06/2006 13:00,17/06/2006 23:00,AEST,246253.564,165.57086952741025,17.1,0.110916854,,46.27461876,53.94832018,,2.685981758,1.336648959
206,13/07/2006 16:00,14/07/2006 20:00,AEST,195648.6927,177.0015250034515,17.1,0.011052544,,50.38957863,54.78775378,,11.81031628,10.00548609
207,18/07/2006 8:00,21/07/2006 14:00,AEST,505624.1418,154.35709769003645,13.5,0.032739497,,38.57926236,43.65665731,,1.902813584,0.66839985
208,27/07/2006 7:00,27/07/2006 17:00,AEST,64453.27204,73.72685300339349,12.2,-0.075304283,,33.85262711,41.69868866,,2.159940636,3.796625887
209,7/08/2006 0:00,8/08/2006 2:00,AEST,185933.7079,136.5964520899286,12.2,0.042968328,,35.07905386,38.62875406,,-4.367013959,0.824331822
210,10/08/2006 8:00,10/08/2006 16:00,AEST,49387.51987,165.44398009381786,11.1,0.037435874,,38.97740335,38.03331497,,-1.252650309,0.779354587
211,7/09/2006 7:00,11/09/2006 15:00,AEST,783749.9055,144.80617470392298,12.2,0.244839537,,45.59057132,41.411415,,9.839929555,3.593121788
212,8/10/2006 17:00,10/10/2006 20:00,AEST,252670.3648,179.7789152567499,13.5,0.002356589,,,43.16716373,,,-1.40314579
213,21/10/2006 3:00,21/10/2006 12:00,AEST,65812.54136,184.50018292741817,11.1,0.043457836,,38.44569959,44.42471352,,-4.189579073,1.136298529
214,28/10/2006 12:00,29/10/2006 18:00,AEST,282263.5289,177.10074696683574,12.2,0.091122062,,43.61956542,42.42509321,,3.62448806,0.129919927
215,5/11/2006 7:00,5/11/2006 21:00,AEST,102923.7529,186.33366403473315,9.4,0.082169653,,,42.2680003,,,0.168256779
216,16/11/2006 9:00,17/11/2006 0:00,AEST,101910.1122,179.597638511863,9.4,0.21408703,,,,,,
217,29/11/2006 14:00,30/11/2006 3:00,AEST,107573.1931,177.4339069238463,11.1,0.038609828,,43.95956254,45.03486726,,0.903488303,-0.868404821
218,8/01/2007 13:00,9/01/2007 15:00,AEST,154721.2548,170.1940643058979,13.5,0.1242854,54.49200577,41.4654719,43.33923621,,0.405086402,-1.533538598
219,27/01/2007 15:00,28/01/2007 4:00,AEST,103237.2513,169.2274742931155,12.1623,0.213905315,,44.4243634,46.68246016,,-0.649946918,-0.168133327
220,24/03/2007 22:00,25/03/2007 17:00,AEST,152205.3458,183.3481714143473,11.45,0.16440191,,62.88740538,58.88360391,,10.29419099,2.963162611
221,6/04/2007 10:00,7/04/2007 3:00,AEST,117440.3741,171.50198308155177,10.27,0.115392116,,57.3414057,61.74228977,,1.460802443,3.186363084
222,7/06/2007 21:00,10/06/2007 15:00,AEST,1120255.534,150.1285692775187,14.85,0.332896741,,59.00567366,55.82093222,,28.72296971,19.69418938
223,16/06/2007 6:00,22/06/2007 13:00,AEST,931459.4633,161.26479883681617,12.93,0.301094972,,31.21541616,37.75459675,,3.230541698,2.257842307
224,28/06/2007 20:00,29/06/2007 15:00,AEST,173293.2783,169.04915348395207,12.93,0.322876321,,25.64174044,36.32098939,,,1.411487956
225,6/07/2007 7:00,6/07/2007 22:00,AEST,141937.36,164.8146169779364,13.82,0.182324244,37.4708072,24.11824316,34.42343743,,-4.27950062,-1.529234806
226,9/07/2007 11:00,14/07/2007 11:00,AEST,473604.5019,159.0751482733819,14.85,0.179418014,,28.39774378,35.95267224,,4.657198373,-0.574484957
227,18/07/2007 23:00,21/07/2007 4:00,AEST,672912.768,159.14362755643384,13.82,0.224624788,,26.30241106,36.45851289,,2.119683924,0.327341579
228,18/09/2007 1:00,18/09/2007 11:00,AEST,73900.66521,177.72768813277764,10.83,0.039288348,,35.62045821,34.9332283,,1.000897907,-1.025906517
229,5/11/2007 4:00,6/11/2007 11:00,AEST,320466.6734,160.12480166567337,12.14,0.120171109,,46.65785915,41.10300546,,8.309891209,2.887519819
230,31/12/2007 18:00,1/01/2008 1:00,AEST,44023.65045,74.87505653580997,12.93,-0.031021975,,43.27105807,38.41531331,,10.63119714,5.322131317
231,4/01/2008 10:00,5/01/2008 20:00,AEST,251264.1336,95.7966163842999,12.93,0.032344141,,32.63986093,33.09318199,,,-0.193116375
232,17/01/2008 2:00,17/01/2008 10:00,AEST,44547.24115,176.3480725115972,9.32,0.148180534,,36.82607566,33.38597,,0.904093545,-0.877683465
233,21/01/2008 9:00,23/01/2008 3:00,AEST,317533.1498,165.1787277461279,12.14,0.10233062,,35.46410682,35.40467694,,-0.916066409,-0.018056622
234,7/02/2008 19:00,8/02/2008 11:00,AEST,104573.6077,171.34897011740276,11.45,0.155088448,,39.56248688,38.75754089,,-1.56794925,0.063995368
235,28/02/2008 23:00,1/03/2008 11:00,AEST,178569.4716,178.87296178563523,12.14,0.216029689,,47.45053871,42.4949679,,0.745411415,-2.126017538
236,19/05/2008 2:00,19/05/2008 13:00,AEST,80931.00943,174.5843581575548,10.83,0.001890338,,63.16363234,58.73802845,,2.695440638,0.608008109
237,4/06/2008 11:00,6/06/2008 15:00,AEST,508359.0655,160.33062295779592,10.27,0.097968755,,60.90318299,56.54851955,,12.91279598,10.66769462
238,14/06/2008 0:00,16/06/2008 19:00,AEST,774894.9223,163.58726947827773,12.93,0.279017257,,54.45171051,46.54706417,,9.370692493,-0.140839345
239,22/06/2008 13:00,22/06/2008 22:00,AEST,57030.78437,181.01352443227145,10.27,0.14499319,,48.21225274,51.43069802,,-1.228590441,-4.952079938
240,22/07/2008 15:00,23/07/2008 6:00,AEST,101909.9965,173.62859289491496,14.85,0.110408078,,58.02787297,59.86952498,,10.89687378,2.342636765
241,28/07/2008 18:00,29/07/2008 20:00,AEST,221611.9175,176.00486052677022,11.45,0.120566864,,47.60578821,59.10233664,,-0.820419014,3.423990392
242,16/08/2008 21:00,18/08/2008 2:00,AEST,217289.691,167.20083330189323,13.82,0.114210901,,52.68377168,59.81262934,,8.139609323,2.879187223
243,23/08/2008 0:00,24/08/2008 5:00,AEST,326182.2969,171.50774024632665,11.45,0.075908665,,45.2627956,57.42346225,,5.083032058,9.765819179
244,5/09/2008 13:00,11/09/2008 2:00,AEST,768719.0925,142.89667403515764,14.85,0.063549381,,46.2835797,52.03023353,,13.11089094,15.90400319
245,22/10/2008 5:00,23/10/2008 17:00,AEST,256224.7792,180.44136034356055,10.83,0.071780457,,39.65709622,45.49599018,,0.372061325,0.4127113
246,4/11/2008 5:00,4/11/2008 17:00,AEST,80624.27688,179.4875384028809,9.77,-0.011949254,,40.06517217,42.57260322,,-0.248668988,-1.13338836
247,24/11/2008 2:00,25/11/2008 16:00,AEST,318113.299,174.3434115472141,12.93,0.250299706,,41.87060329,41.79055365,,-2.750523682,0.925379572
248,14/12/2008 20:00,16/12/2008 1:00,AEST,314630.2464,172.43679181990845,13.2815,0.186288954,,44.8244342,41.24987583,,1.992277585,0.748435177
249,20/12/2008 1:00,20/12/2008 9:00,AEST,50280.14339,175.7777299997112,11.05745,0.088954827,,42.7177802,40.55030587,,0.253734184,0.62187005
250,15/02/2009 21:00,18/02/2009 10:00,AEST,190801.3784,123.46379225376424,10.27,0.073333552,43.91844808,47.55758577,48.16286283,,1.185252078,0.74122102
251,31/03/2009 2:00,2/04/2009 17:00,AEST,723217.301,98.76732463656468,12.93,0.03771851,,50.40192482,50.02288863,,14.14304428,10.68598391
252,19/04/2009 11:00,22/04/2009 7:00,AEST,245194.4247,123.71013567886726,12.93,0.159727723,,40.65108643,43.37882662,,-1.974108893,2.060920578
253,21/05/2009 2:00,24/05/2009 15:00,AEST,770775.8076,73.13215670498494,13.20145,0.048422207,,45.11743537,40.56687089,,11.99617307,1.825403532
254,10/06/2009 19:00,12/06/2009 4:00,AEST,218880.4535,168.6185242910886,12.93,0.229918153,,39.81130753,46.18259034,,5.679802116,2.191586206
255,16/06/2009 8:00,16/06/2009 20:00,AEST,81932.96922,179.3830845373827,10.27,0.129890635,,33.95836769,44.20213992,,1.788144156,2.917072586
256,23/07/2009 22:00,24/07/2009 5:00,AEST,40197.3048,170.4983960374278,9.77,0.117704015,,40.29156193,38.76627921,,-0.369466479,0.799750588
257,3/10/2009 7:00,4/10/2009 1:00,AEST,120458.2537,156.8906370514221,9.32,0.1904009,,54.15330746,44.51118568,,2.569451331,-0.168600726
258,7/10/2009 21:00,9/10/2009 22:00,AEST,619219.8942,166.48526838612938,13.82,0.224095747,29.1505316,51.58385613,44.67978641,,4.160240705,1.392391474
259,26/10/2009 7:00,26/10/2009 16:00,AEST,55534.56003,143.9091059057535,9.32,0.063945236,,46.98448421,45.56131767,,0.387848501,-0.226674487
260,30/11/2009 20:00,2/12/2009 15:00,AEST,323117.3065,167.68383641148006,12.93,0.143735875,,49.8423574,47.81534399,,4.829077744,0.694343413
261,20/01/2010 4:00,20/01/2010 22:00,AEST,165123.9281,165.11259212490137,13.82,0.142344996,31.20690962,50.88808237,49.60249863,,1.191255952,1.730216678
262,16/02/2010 3:00,17/02/2010 1:00,AEST,137292.4384,180.06408623137895,11.45,0.176140265,29.93719808,49.95936447,47.17113682,,-0.173874217,-1.795493043
263,1/03/2010 4:00,1/03/2010 11:00,AEST,46367.16724,176.87543801788223,10.83,0.188796585,25.87278378,51.18829278,50.89896765,-0.879114349,-0.584092612,0.79306935
264,25/04/2010 23:00,26/04/2010 9:00,AEST,56653.95512,171.21237476099313,11.45,0.039927254,,69.39354566,65.63899909,,3.638230145,1.173999198
265,13/05/2010 18:00,15/05/2010 12:00,AEST,208610.5465,162.38017445429813,13.82,0.359256211,,69.59202291,60.32752566,,12.82749323,0.35587373
266,26/05/2010 15:00,27/05/2010 8:00,AEST,130833.3078,126.71106196043672,11.45,0.137309734,,61.05710126,58.83060218,,10.26511549,8.450920607
267,31/05/2010 9:00,1/06/2010 4:00,AEST,166056.3991,163.6202367549401,11.45,0.109478382,35.0341006,50.94104677,50.55520609,,2.809880425,1.521541495
268,4/06/2010 1:00,7/06/2010 18:00,AEST,398766.06,146.4722893939267,11.45,0.205506528,,48.13116635,49.0336646,,3.366077126,0.523099095
269,2/08/2010 23:00,3/08/2010 21:00,AEST,327889.9812,177.5462190135196,12.93,0.306706419,,59.08640792,52.14706847,,4.130244749,1.232958303
270,12/08/2010 22:00,14/08/2010 4:00,AEST,348554.307,165.076630639962,13.82,0.320146208,43.33252044,52.2222508,49.44801697,6.864748101,6.097465788,3.231784804
271,16/10/2010 11:00,17/10/2010 7:00,AEST,123578.2728,179.02345325894802,12.14,0.089319476,,43.91814716,45.56574511,,-2.699563582,-2.125353344
272,6/02/2011 18:00,7/02/2011 5:00,AEST,78695.7902,172.39024731054218,11.45,0.0871132,,67.42293621,59.51095099,,-2.133505809,-2.933584726
273,2/03/2011 0:00,2/03/2011 10:00,AEST,70695.29535,176.21571878796237,12.93,0.144229457,,74.01368948,72.01030411,,1.579547356,-0.27286086
274,25/03/2011 23:00,26/03/2011 22:00,AEST,188309.4034,179.71667067369614,12.93,0.143752234,,60.96201495,64.0375044,,-1.09817759,-1.639813547
275,16/04/2011 19:00,17/04/2011 2:00,AEST,39051.89321,160.67260938420208,10.83,0.165866684,,75.76990116,75.53957761,,7.069719458,6.786124052
276,2/05/2011 17:00,3/05/2011 0:00,AEST,38538.45767,90.95832815465748,14.85,0.115416599,,62.05408027,63.3010766,,-0.193585126,1.301519515
277,5/05/2011 11:00,5/05/2011 19:00,AEST,53064.40633,174.94799013087743,10.27,0.117637563,,61.34754705,62.25478965,,-2.103313822,1.099724053
278,9/05/2011 14:00,10/05/2011 13:00,AEST,145320.6404,170.2977867321358,9.77,0.246765412,,64.13544992,60.5227119,,-2.189906658,-3.294860424
279,14/05/2011 8:00,18/05/2011 16:00,AEST,333681.4312,167.42081160039515,17.44,0.193951712,,66.92650711,65.55774857,,4.685682313,0.642476634
280,25/05/2011 0:00,26/05/2011 15:00,AEST,387759.5269,173.9953084749473,11.45,0.360302739,,63.54987378,66.23783062,,4.375514837,0.907549991
281,31/05/2011 5:00,3/06/2011 2:00,AEST,594759.732,99.51816044381027,12.93,0.244262775,,60.1649833,65.53301629,,7.863475415,15.03057873
282,10/06/2011 20:00,11/06/2011 17:00,AEST,141070.0031,167.0614274584263,11.45,0.237530921,,56.49894055,52.96752871,,0.87855637,4.119587527
283,14/06/2011 13:00,16/06/2011 6:00,AEST,364461.1018,134.6762482298263,11.45,0.095146989,32.01412115,55.62038418,48.84794119,3.645248365,-2.671409736,2.30697595
284,11/07/2011 7:00,15/07/2011 2:00,AEST,425862.3816,167.03101458694235,14.85,0.200824984,,56.76412966,48.49148029,,-0.215259318,0.34041711
285,19/07/2011 22:00,24/07/2011 8:00,AEST,1195500.822,144.9787528753762,13.82,0.24757972,,53.38037151,49.49127384,,10.37641109,1.933524659
286,19/08/2011 14:00,20/08/2011 2:00,AEST,97736.88059,157.64858625310646,10.83,0.035111515,,41.34001257,55.34895334,,0.880001343,3.865061305
287,12/09/2011 4:00,12/09/2011 13:00,AEST,51576.57859,174.49750607518638,10.83,0.126378256,36.61683632,47.05591285,52.02069792,0.0,-0.821644193,0.575145241
288,25/09/2011 9:00,26/09/2011 7:00,AEST,146202.3433,125.58959816053584,9.77,0.168355461,,50.06952699,51.86486304,,3.20905599,1.47869285
289,2/10/2011 8:00,3/10/2011 3:00,AEST,154265.2687,153.5803887178559,10.83,0.151839678,,48.35750327,51.89929941,,1.12651595,2.423153766
290,25/10/2011 19:00,26/10/2011 2:00,AEST,48833.89666,164.36908870692224,10.83,0.106069083,,50.3204649,56.8957256,,-1.019283262,1.674939368
291,31/10/2011 5:00,31/10/2011 23:00,AEST,138783.0766,169.98081977459793,11.45,-0.016761528,,52.86094551,56.67139989,,-1.167098091,-1.143014381
292,4/12/2011 16:00,5/12/2011 4:00,AEST,83347.70079,180.76663236236783,10.83,0.108547026,,55.36013211,53.91446731,,-0.970502258,-0.38087422
293,14/12/2011 9:00,15/12/2011 0:00,AEST,94411.5948,158.99960709995725,11.45,0.116418113,42.66315962,55.39841342,53.3513768,,0.100199617,-0.233289583
294,1/02/2012 10:00,1/02/2012 23:00,AEST,79741.29676,166.9349987859964,13.82,0.129002623,,57.94646204,55.87574879,,-0.636600665,-1.623725764
295,6/02/2012 11:00,6/02/2012 21:00,AEST,63417.20673,166.00557278551582,12.14,0.123530539,,57.24169189,56.51255244,,0.263502041,-0.244048977
296,2/03/2012 0:00,2/03/2012 10:00,AEST,59702.97586,184.8376692715397,10.83,0.233659494,,61.55681177,60.04183125,,-0.321277883,-0.284042429
297,8/03/2012 0:00,9/03/2012 3:00,AEST,189714.555,150.5985880519663,13.82,0.312212076,41.28512207,63.18516158,61.11337713,,3.778170306,1.317047494
298,10/04/2012 7:00,11/04/2012 2:00,AEST,145922.6823,181.2405964214757,10.27,0.234945781,,68.04692793,63.73517653,,0.122699849,-0.300640048
299,14/05/2012 4:00,15/05/2012 7:00,AEST,236408.8698,164.4927780380779,13.82,0.308375894,39.38546312,69.55643215,63.36553068,,2.56675511,-1.859517238
300,5/06/2012 17:00,7/06/2012 9:00,AEST,797277.8863,163.4043448730945,14.85,0.336148072,36.61989038,69.32164137,73.00339793,,20.34591097,12.34332004
301,12/06/2012 13:00,14/06/2012 7:00,AEST,267113.9084,109.74868203534704,13.82,0.043897723,32.08142885,50.46909022,58.48937256,,6.47711943,6.930333146
302,3/07/2012 20:00,5/07/2012 6:00,AEST,258587.1327,166.17198144601554,12.93,0.074788512,24.92136229,44.77005978,53.30118246,,-2.387633029,0.134712807
303,30/07/2012 12:00,2/08/2012 14:00,AEST,574177.7357,159.56966559554047,16.04,0.121210683,,52.63056951,58.03579198,,8.330552981,3.807833024
304,10/08/2012 8:00,13/08/2012 3:00,AEST,851746.2743,173.7662555073323,12.93,0.312152541,,47.5033466,57.08721465,,9.389054959,2.896914183
305,1/09/2012 15:00,1/09/2012 22:00,AEST,52780.60365,187.1248482390704,10.83,0.046775897,,45.59118517,58.00903336,,-0.397146103,-1.927126615
306,7/10/2012 8:00,8/10/2012 4:00,AEST,156175.7662,171.4828748334222,17.44,0.186242566,,57.72190984,65.28600168,,9.826390444,1.091120095
307,12/10/2012 13:00,13/10/2012 1:00,AEST,86414.38675,178.24596959352905,11.45,0.157288281,,48.09645794,63.90559041,,-0.994767079,1.499938007
308,22/10/2012 10:00,23/10/2012 5:00,AEST,139898.8246,180.0028903654919,10.83,0.114309221,,51.27530444,63.21901437,,-1.03135529,3.987334029
309,2/11/2012 6:00,2/11/2012 15:00,AEST,57018.8821,164.59511440440434,10.83,0.06469896,,53.6851574,58.82971349,,-0.459395132,-1.18926717
310,9/12/2012 19:00,10/12/2012 2:00,AEST,38490.40098,177.99904357098904,8.9,0.118658043,,56.23397111,56.11170007,,0.00926758,0.839898984
311,28/01/2013 10:00,30/01/2013 6:00,AEST,422031.2582,97.83275434036814,12.14,0.177001773,,71.05449974,63.50414247,,22.89177696,15.52200244
312,2/02/2013 9:00,3/02/2013 22:00,AEST,314918.5319,156.21048840714968,12.14,0.331077385,23.26235758,48.16272278,47.98214003,,-0.353100707,1.527875382
313,22/02/2013 15:00,24/02/2013 9:00,AEST,442564.3569,111.47405699445888,12.14,0.145673021,,53.14643021,49.34278357,,8.726791513,3.948021531
314,28/02/2013 23:00,3/03/2013 12:00,AEST,517645.097,151.75208766880098,12.14,0.192904614,17.60438612,44.4196387,45.39476204,,1.80269565,2.717184374
315,17/03/2013 12:00,18/03/2013 8:00,AEST,150137.4258,174.2876980917655,12.93,0.287153512,,48.52762112,48.22420124,,-1.561955343,-1.219087704
316,19/04/2013 11:00,21/04/2013 7:00,AEST,407791.1816,165.31814307357507,13.82,0.366125869,,47.19959006,53.0806767,,1.55695602,3.1027497
317,4/05/2013 19:00,5/05/2013 2:00,AEST,57728.95683,175.3744964463552,10.83,0.147176716,,44.83880925,51.3431294,,0.048746489,-0.016954482
318,24/05/2013 6:00,25/05/2013 6:00,AEST,152766.9139,124.93036742046056,12.14,0.190114519,18.61162289,45.12177558,53.44185019,,-0.889812283,4.358535921
319,2/06/2013 12:00,3/06/2013 16:00,AEST,306560.5706,174.919906585928,11.45,0.365983664,,46.28663218,48.69363746,,0.199024793,1.024974767
320,15/06/2013 5:00,19/06/2013 21:00,AEST,756314.5478,173.09179690891716,12.93,0.323945541,,47.21610113,51.58637073,,1.001496302,1.832098795
321,24/06/2013 23:00,27/06/2013 11:00,AEST,449306.9798,132.61004466760244,11.45,0.211712576,,46.1917118,52.01935397,,0.731723352,4.204955527
322,23/07/2013 23:00,24/07/2013 18:00,AEST,155299.2105,172.7482177238972,12.93,0.167597628,,53.43246281,56.88502823,,1.563425782,7.770759117
323,16/09/2013 21:00,17/09/2013 10:00,AEST,90408.03479,76.35755159826437,10.83,0.128670135,,66.92141013,63.93188588,,7.030231028,11.20964063
324,3/10/2013 23:00,4/10/2013 6:00,AEST,40148.37659,175.62986425929404,9.77,0.238775563,,63.70396405,58.46493703,,0.011145832,-0.587494247
325,14/10/2013 4:00,14/10/2013 16:00,AEST,82498.2892,171.69273234930034,12.14,0.232388374,,64.8565722,58.12895718,,0.740783525,0.255543562
326,29/10/2013 15:00,30/10/2013 0:00,AEST,56768.7565,183.60217663806625,9.32,0.2930214,,65.44335812,61.55798359,,-0.898164,1.430786324
327,3/11/2013 19:00,5/11/2013 4:00,AEST,214557.1612,175.66995521130468,12.14,0.191888765,,66.38129812,59.99933896,,1.878325299,-0.541820277
328,11/11/2013 6:00,12/11/2013 3:00,AEST,185068.5574,134.87311936621785,11.45,0.192836205,,65.2932042,60.59023781,,3.4648284,1.023732277
329,17/11/2013 17:00,18/11/2013 16:00,AEST,154678.0738,148.81609252338347,10.27,0.142141015,,61.30670461,59.12479395,,1.842575584,1.187254377
330,25/01/2014 12:00,25/01/2014 23:00,AEST,86726.85679,173.8281790752086,12.14,0.033608873,32.76508269,63.91220208,59.56608737,,-1.353294555,-1.923092766
331,12/04/2014 7:00,14/04/2014 8:00,AEST,301539.3395,150.7125148191255,12.93,0.230184948,38.197775,85.28433043,73.26724331,11.84807692,18.60108364,8.666024175
332,19/04/2014 1:00,19/04/2014 16:00,AEST,93069.2183,145.44368228068296,16.04,0.093219868,,62.30359652,64.83278085,,1.645003512,-1.509755356
333,15/06/2014 17:00,16/06/2014 13:00,AEST,154716.0789,165.14137823947732,13.82,0.372240094,41.33335192,63.42017895,63.45261453,8.514521903,-0.002815639,0.59883921
334,18/07/2014 17:00,20/07/2014 18:00,AEST,703468.5617,171.82038663449657,13.82,0.307073972,50.63815962,66.89377903,61.02172225,15.03533654,16.90913374,11.48218572
335,18/08/2014 10:00,20/08/2014 16:00,AEST,554647.8288,164.85273001248004,11.45,0.218847789,,57.90123428,55.6784791,,11.76123348,9.97245392
336,26/08/2014 23:00,27/08/2014 15:00,AEST,87294.21484,111.62872356375568,11.45,0.054741729,47.06844808,46.43149642,44.3840927,,0.845658313,1.114408976
337,29/08/2014 16:00,30/08/2014 23:00,AEST,273159.1631,154.91068190945128,12.14,0.119695743,,46.07791111,43.83221172,,2.094309608,1.270867907
338,2/09/2014 22:00,6/09/2014 1:00,AEST,862527.3904,161.44856909139793,13.82,0.331201749,40.82614038,43.9836015,42.56134381,4.242431602,5.232671633,1.809112728
339,26/09/2014 1:00,26/09/2014 8:00,AEST,42517.1509,190.9402176174497,9.32,0.113195308,35.76794384,41.47918522,47.04590382,5.151418837,-0.885754043,2.377680882
340,14/10/2014 19:00,16/10/2014 5:00,AEST,459509.7367,170.67123590283185,12.93,0.348382067,38.37025334,44.56427395,45.66002233,1.680815881,3.184140705,3.803998145
341,3/11/2014 13:00,4/11/2014 0:00,AEST,66667.6769,167.57915149293342,13.82,0.202942403,,45.36779665,48.22512774,,2.48980774,3.52879674
342,11/12/2014 15:00,13/12/2014 5:00,AEST,371880.1496,143.02223179988934,12.14,0.178235993,52.05017885,48.79745606,50.54330209,10.4625,8.092216522,3.816878816
343,29/01/2015 18:00,31/01/2015 11:00,AEST,362458.2108,154.52091841267293,12.93,0.346561072,41.20763127,47.88152608,51.4220841,5.490625505,5.941036512,4.294553959
344,5/03/2015 17:00,7/03/2015 21:00,AEST,343948.4021,173.40715359621694,13.82,0.308987014,46.76508269,54.27504944,52.50947232,,3.372803357,-6.644389039
345,15/03/2015 12:00,15/03/2015 23:00,AEST,75026.00417,184.26507887153343,10.27,0.177557443,44.51700577,59.13098608,63.04248478,,0.303819676,3.848416435
346,20/03/2015 19:00,21/03/2015 8:00,AEST,80754.46187,169.33860900326297,9.77,0.160218517,42.93559533,58.12603014,57.50591789,,0.507110614,1.944810147
347,8/04/2015 22:00,10/04/2015 12:00,AEST,364073.9203,172.29546450450658,12.93,0.207554997,50.20162115,58.44891437,56.13599415,,4.46774092,-2.070510443
348,19/04/2015 18:00,22/04/2015 21:00,AEST,1367012.993,165.82823900781312,14.85,0.387071414,,59.3994593,60.87490117,,29.01530435,22.29608723
349,14/05/2015 22:00,16/05/2015 0:00,AEST,167643.2233,166.71892539348588,13.82,0.371206069,38.89969808,32.09820882,38.60635813,,2.314923639,-1.532466244
350,22/05/2015 11:00,23/05/2015 16:00,AEST,354555.1612,164.581766888252,10.83,0.190582841,38.70348111,31.66610413,41.27879565,,0.050123202,-0.596178586
351,1/06/2015 15:00,3/06/2015 22:00,AEST,362306.6529,164.6949291027072,12.93,0.260784455,,35.49075782,51.53447315,,2.777808832,6.159686311
352,19/06/2015 8:00,19/06/2015 22:00,AEST,88608.31221,156.2510856736785,11.45,0.201905749,39.80642885,37.36693564,45.81775351,,2.86520103,0.402917731
353,3/07/2015 0:00,3/07/2015 8:00,AEST,48551.19708,170.6656316870037,10.27,0.06949788,48.77565962,45.88949395,48.40902739,,3.973112853,-0.736947862
354,13/07/2015 20:00,14/07/2015 3:00,AEST,41580.70987,182.12461946069465,12.14,0.197218819,,42.88658795,48.09060789,,1.627273111,1.02109746
355,17/07/2015 11:00,19/07/2015 4:00,AEST,381932.5533,169.02448129920202,12.14,0.163135417,53.03775288,41.25931484,47.06951043,2.292862496,10.58209911,10.5593814
356,28/08/2015 18:00,31/08/2015 12:00,AEST,311618.5989,170.16202087392955,13.82,0.11310874,,33.9588453,39.25251678,,6.981937976,2.298442809
357,4/09/2015 5:00,4/09/2015 16:00,AEST,64479.78459,172.41654956749178,9.77,0.129581392,52.63239038,25.91107367,36.32412705,,-4.81269704,
358,22/09/2015 22:00,26/09/2015 1:00,AEST,693945.6915,162.7019221056733,11.36363546,0.193791097,,32.53673011,35.07982799,,10.92926172,6.814110398
359,7/10/2015 12:00,7/10/2015 19:00,AEST,45793.68491,177.24268441074855,10.83,-0.026782051,56.37373654,37.32129252,30.09273677,0.0,5.577848739,0.300718978
360,22/10/2015 17:00,23/10/2015 6:00,AEST,95459.24878,175.50824770135392,10.27,0.152582905,75.11556346,35.09921004,28.31900225,,1.353689075,-1.693106357
361,27/10/2015 3:00,27/10/2015 17:00,AEST,84861.35653,179.668482274281,11.45,0.033509011,,33.70162362,30.07342773,,-0.504288159,-1.507636828
362,12/12/2015 5:00,12/12/2015 14:00,AEST,52261.95009,174.5161318511781,11.45,0.137979603,,47.43232497,33.36281722,,0.932628046,-1.009443762
363,27/12/2015 8:00,27/12/2015 16:00,AEST,42726.04998,180.009366968591,8.9,-0.028177128,,,,,,
364,6/01/2016 8:00,8/01/2016 1:00,AEST,287430.3004,151.84553483092515,11.45,0.105240746,,41.91559384,28.95130351,,4.862075973,-0.270110162
365,14/01/2016 21:00,15/01/2016 18:00,AEST,171052.7009,179.82568588050947,10.83,0.116541908,57.52037115,38.26482061,30.46143738,,-3.943287519,-1.484884243
366,4/02/2016 9:00,5/02/2016 17:00,AEST,236191.1144,171.95589664019565,10.83,0.214515747,69.15306346,52.2585922,40.29683702,,3.940339639,0.988145531
367,17/02/2016 8:00,18/02/2016 14:00,AEST,193668.6845,161.10494342859246,16.04,0.247025481,69.460275,51.89765884,41.87818992,,8.415236225,0.722659889
368,19/03/2016 17:00,21/03/2016 1:00,AEST,293245.4067,173.40257631270543,14.85,0.143681121,,58.95479413,43.43774289,,10.48580624,1.670795181
369,31/03/2016 10:00,31/03/2016 22:00,AEST,81190.67746,166.54510901898897,11.45,0.154708201,60.58383269,49.0383057,40.30250691,0.0,-2.389401072,0.12348443
370,23/04/2016 4:00,23/04/2016 19:00,AEST,104702.6601,171.81482689262145,10.27,0.046979921,,,,,,
371,4/06/2016 15:00,7/06/2016 20:00,AEST,892794.7174,116.98885607857692,14.85,0.313642162,63.52956787,46.31950957,41.30599619,42.27160677,29.41104796,29.05945555
372,12/06/2016 2:00,12/06/2016 9:00,AEST,44252.98808,177.1306621704952,11.45,0.131017449,,,,,,
373,7/07/2016 0:00,8/07/2016 12:00,AEST,283211.6991,160.80339446866458,12.14,0.328729038,32.96969476,25.40130351,20.7328378,-5.483368702,-0.139725205,-7.8587622
374,29/07/2016 3:00,29/07/2016 14:00,AEST,66927.91431,172.55224461580246,14.85,0.107005612,34.71581842,27.20124372,18.91899499,,-2.240267159,-0.067635431
375,2/08/2016 22:00,5/08/2016 1:00,AEST,350627.2701,162.81480592870145,11.45,0.257943844,36.91844808,29.29333558,18.5597472,,-1.669616901,3.119537835
376,13/10/2016 3:00,13/10/2016 23:00,AEST,153048.8139,180.981484150854,11.45,0.210442119,,40.31562842,23.20694722,,-0.824930883,-2.417631538
377,23/10/2016 9:00,25/10/2016 14:00,AEST,442980.9329,165.35516318935407,14.85,0.280871623,44.8836304,38.74534789,16.01362989,5.110374628,0.464512852,-4.529316223
378,14/11/2016 20:00,15/11/2016 9:00,AEST,90715.93535,178.4311545718951,11.45,0.171836136,45.95258269,38.16428318,23.87554363,-2.848019215,-3.45560856,0.0163671
379,24/11/2016 13:00,25/11/2016 1:00,AEST,75249.04281,173.9201851509922,11.45,0.103549038,48.21748654,43.46022141,22.3784848,,-0.922421128,
380,9/12/2016 23:00,10/12/2016 6:00,AEST,39155.18246,170.37361062826318,12.93,0.055990666,,47.82017427,,,3.788150081,
381,21/01/2017 2:00,21/01/2017 11:00,AEST,65167.02338,178.8561317393382,10.83,0.197525069,,45.18048557,29.93502791,,0.829015111,0.206008511
382,14/02/2017 8:00,14/02/2017 18:00,AEST,59442.44119,168.74163716887114,10.83,0.278634056,,45.22508769,31.3180627,,-1.304194046,-0.744447959
383,4/03/2017 10:00,10/03/2017 21:00,AEST,758415.5014,149.2085784511866,13.82,0.279772785,56.27517885,46.76933055,32.55831694,,6.626461583,1.12551534
384,17/03/2017 7:00,19/03/2017 6:00,AEST,319103.5765,146.52626008151492,10.27,0.111510851,41.747775,38.07115494,28.61097398,-6.817788462,2.149292814,0.229396902
385,30/03/2017 17:00,31/03/2017 11:00,AEST,136154.4953,175.74240625839275,10.83,0.247115558,,36.7258056,,,-0.961425051,
386,11/04/2017 7:00,12/04/2017 11:00,AEST,290934.4225,177.47274377148355,13.82,0.255212876,49.65739038,40.02708908,30.27006111,1.756559328,-1.03390402,-1.567222414
387,27/04/2017 9:00,28/04/2017 7:00,AEST,169154.1773,172.9355931766573,12.14,0.247139807,55.77229423,48.1717571,38.57221062,,-1.437254231,-2.649921288
388,9/05/2017 0:00,9/05/2017 17:00,AEST,103663.1161,174.0013908049259,13.82,0.182148735,51.41267885,56.42980629,43.42308898,-1.789379663,2.914663985,1.98044697
389,31/05/2017 15:00,31/05/2017 22:00,AEST,38932.82318,184.2424935092357,9.32,0.136914744,63.94435269,54.03377737,43.40740402,3.519004473,-1.851153003,0.035215246
390,7/06/2017 2:00,7/06/2017 18:00,AEST,125257.9023,182.8828606397367,10.83,0.206290898,61.25351803,55.9715982,41.66974498,-2.025485574,2.030584641,2.135099584
391,30/06/2017 23:00,1/07/2017 17:00,AEST,110287.7035,165.26390558802282,12.93,0.120232706,63.88050087,61.47880469,42.55836403,2.556169572,3.001690768,1.113525974
392,21/07/2017 0:00,23/07/2017 4:00,AEST,274926.6487,164.77410133694576,14.85,0.190607192,72.84757815,65.80202958,43.94037708,8.617798023,17.07401114,4.662357403
393,1/08/2017 5:00,2/08/2017 2:00,AEST,123988.0906,161.92832826790814,10.83,0.141980887,66.79746483,50.02468039,38.97820653,4.809212555,2.305671949,1.319294098
394,19/08/2017 8:00,20/08/2017 22:00,AEST,475472.8334,165.41216787692997,13.82,0.321917053,64.91603449,53.55261068,39.67854043,18.485204,14.24488791,12.39892394
395,24/08/2017 22:00,25/08/2017 6:00,AEST,44002.25697,187.2253994520253,9.77,0.144357496,48.97739089,40.72610265,28.55729985,-3.082319572,-2.537266484,-6.975495818
396,27/08/2017 23:00,1/09/2017 7:00,AEST,630051.7379,164.12469315871567,12.93,0.24968861,50.87621967,43.13632077,33.40819033,2.194949619,2.535411717,1.98488244
397,9/09/2017 10:00,10/09/2017 18:00,AEST,255153.8207,162.36846235774203,16.04,0.202893809,48.85237504,45.12688852,31.57392296,4.81647447,7.329735714,5.857769216
398,6/10/2017 23:00,7/10/2017 6:00,AEST,36545.89101,180.91673557133564,10.27,0.011074986,50.71098234,44.92841337,24.08240994,-0.353059169,2.81837461,-3.879585849
399,1/11/2017 8:00,2/11/2017 10:00,AEST,247766.7978,168.3670548641825,12.93,0.287948251,65.47990615,39.64028281,20.5199249,10.11399573,5.164906395,0.499609842
400,7/11/2017 3:00,7/11/2017 15:00,AEST,82593.98222,161.34640317180617,12.14,0.223429077,60.48897532,34.27433669,19.96668593,7.597719656,2.714368075,2.246852712
401,4/12/2017 23:00,6/12/2017 9:00,AEST,172347.8823,170.80171858394837,12.93,0.354805997,67.2048298,41.25030181,28.82391765,10.65457695,10.93734096,11.57040709
402,14/01/2018 7:00,17/01/2018 20:00,AEST,696100.4096,172.82427904282264,14.85,0.23361751,74.34056346,51.43854524,30.43423082,29.25302856,13.54149689,1.493885183
403,31/01/2018 6:00,1/02/2018 16:00,AEST,255332.2804,178.72107351054814,12.14,0.236710652,58.10415571,39.98416069,31.47288136,1.963367425,-2.749649534,-2.527606851
404,20/02/2018 3:00,20/02/2018 13:00,AEST,69157.48689,166.5881502294971,8.9,0.235247921,60.3598235,45.57513999,32.79833546,-4.529505504,-3.506785833,-4.290221306
405,26/02/2018 5:00,26/02/2018 13:00,AEST,56088.28938,142.00703281300764,9.77,0.171110724,62.55115172,47.57904901,36.34216157,1.116039527,3.967926297,2.740291283
406,20/03/2018 21:00,23/03/2018 6:00,AEST,406043.6673,139.47090904696876,10.83,0.132367736,65.72299234,55.67967128,45.01994528,7.931533391,17.34845154,11.73870788
407,12/05/2018 13:00,14/05/2018 22:00,AEST,428414.8599,173.19240021725548,13.82,0.318987951,75.63638971,59.82921494,47.3921732,12.71136957,16.41040194,9.204558778
408,31/05/2018 16:00,3/06/2018 11:00,AEST,736236.1358,170.8200010512418,13.82,0.318394327,68.15385357,47.75533823,37.73123761,10.97040639,16.32613434,7.374606751
409,18/06/2018 14:00,20/06/2018 11:00,AEST,415883.233,172.46851670890237,12.14,0.296380192,66.39420443,44.4186576,35.69270815,2.318457807,10.52067096,6.843416123
410,9/07/2018 4:00,10/07/2018 12:00,AEST,291661.3164,163.46002724469236,13.82,0.226103831,70.13821102,32.99564203,20.3430741,7.461267273,5.543371089,-1.910530771
411,13/07/2018 22:00,15/07/2018 0:00,AEST,224864.071,167.7072990764713,12.14,0.07724632,62.67694374,27.45227094,22.25360487,-1.142371013,-0.734847101,-2.002404551
412,20/08/2018 0:00,21/08/2018 1:00,AEST,191927.19,171.31598206815625,13.82,0.164681015,77.64623102,41.81883809,32.99515925,4.707830563,4.920920576,4.390515997
413,27/08/2018 10:00,30/08/2018 13:00,AEST,343704.6415,168.97501849520583,14.85,0.045543769,74.92487377,,,6.78018858,,
414,5/10/2018 1:00,6/10/2018 0:00,AEST,155913.477,152.99629901724842,9.32,0.031997585,85.22084529,37.5662512,26.97620995,8.854949626,9.1284776,2.010382769
415,10/10/2018 14:00,10/10/2018 22:00,AEST,44086.05648,165.08352069057602,9.77,-5.89e-05,77.33677879,28.33656748,26.07668477,-0.260509697,-0.763987912,0.229515904
416,28/11/2018 14:00,29/11/2018 22:00,AEST,243375.7954,162.7496609143618,10.83,0.201164698,78.31536015,42.4202182,20.93015333,3.926183806,6.517964231,-0.064705843
417,24/02/2019 1:00,24/02/2019 13:00,AEST,73378.86498,162.47500494964515,9.77,0.081486852,,,,,,
418,7/03/2019 2:00,7/03/2019 13:00,AEST,72144.77409,169.08004459258825,11.45,0.119865754,68.42239223,43.52488692,33.80117083,-2.097238365,-2.241265411,-1.958752361
419,15/03/2019 14:00,15/03/2019 21:00,AEST,38619.54495,188.01604260307107,9.77,0.226698569,71.92831254,47.04457074,34.9167946,-0.006599458,-1.31559293,-0.34067922
420,6/05/2019 2:00,7/05/2019 3:00,AEST,159064.9783,162.8315886683678,12.14,0.277635072,75.10069766,56.02805761,43.73515014,10.31633531,3.100475488,-0.215312304
421,31/05/2019 17:00,1/06/2019 22:00,AEST,280308.1938,173.91227232902412,13.82,0.29725293,75.13610019,54.19139924,53.38925169,14.65883753,13.66055722,8.602423138
422,4/06/2019 9:00,7/06/2019 9:00,AEST,590069.4254,162.6419836637936,13.82,0.369151253,60.47726267,40.53084202,44.78682855,7.382864958,5.761786708,0.945127643
423,22/06/2019 7:00,22/06/2019 14:00,AEST,42102.92991,176.2503764634646,10.27,0.133380537,57.94846107,36.35743031,43.27249502,,,
424,12/08/2019 4:00,12/08/2019 19:00,AEST,97857.23854,164.8743005250281,10.86956432,0.281314591,87.51203511,47.07121944,46.44900731,9.536870717,4.540108373,5.183651066
425,22/08/2019 11:00,23/08/2019 14:00,AEST,345258.4818,173.19835509735958,14.85,0.237641152,83.70345237,38.25049914,37.61436723,17.77880267,9.267309427,1.684873306
426,30/08/2019 7:00,30/08/2019 22:00,AEST,85658.47705,156.937044527085,9.32,0.063791632,71.56803876,,,-13.45687653,,
427,9/09/2019 15:00,10/09/2019 19:00,AEST,240495.5752,174.2129195923934,12.14,0.282314906,69.2655712,35.82405948,37.99105781,-0.655738055,6.468548593,1.781583171
428,17/09/2019 16:00,18/09/2019 17:00,AEST,225469.8662,133.5973325439056,10.83,0.22163218,70.40129969,31.84966328,37.38170288,-1.069608861,,
429,9/10/2019 12:00,10/10/2019 19:00,AEST,183552.5904,165.20804334761107,12.14,0.082150847,76.80772208,,,0.77040097,,
430,3/02/2020 21:00,4/02/2020 10:00,AEST,121501.8067,174.560006255908,12.93,0.250934098,79.17947311,34.05598424,31.79233881,5.949526327,-3.124099484,-2.076899136
431,8/02/2020 22:00,10/02/2020 14:00,AEST,540407.1292,108.14817384368048,12.93,0.20260633,71.48366263,37.18008373,33.86923794,27.75450467,9.879574525,4.128538301
432,20/02/2020 6:00,20/02/2020 13:00,AEST,43056.92238,177.50040077813446,12.14,0.167162382,46.67226934,45.65992884,23.62046211,1.481592706,,
433,14/03/2020 10:00,14/03/2020 20:00,AEST,61342.91612,179.62857489686908,9.77,0.143678864,54.65214206,31.66016181,31.20646122,0.325771079,,
434,3/05/2020 15:00,3/05/2020 22:00,AEST,37105.22116,169.74723966016862,13.82,0.280645685,70.15315862,41.30661566,34.70389085,15.86118511,-2.096986158,-2.71503247
435,22/05/2020 5:00,26/05/2020 16:00,AEST,1581312.064,169.20180687435888,13.82,0.457131593,74.03998362,54.24729135,43.56052322,35.64534636,17.80914306,12.86184987
436,3/06/2020 15:00,4/06/2020 23:00,AEST,342871.4844,170.96720069439905,13.82,0.148537248,47.43893002,41.35213364,30.69809265,2.930037636,7.113057208,-5.874617429
437,14/07/2020 4:00,18/07/2020 14:00,AEST,1424949.141,145.80567790963352,14.85,0.308097374,59.45341927,50.5226562,43.10714973,10.37350103,31.66429199,17.82647714
438,26/07/2020 20:00,29/07/2020 1:00,AEST,384091.7016,149.82843019266906,12.93,0.36914145,50.65255722,,25.2574089,-0.380895246,,1.011364918
439,9/08/2020 15:00,11/08/2020 11:00,AEST,462940.7468,146.79679612126426,12.14,0.255266949,52.42667032,26.50540467,16.13534755,2.215905423,-0.072897196,0.657352941
440,25/10/2020 4:00,27/10/2020 13:00,AEST,551968.9129,162.58569108417186,11.45,0.225447622,59.87439025,29.47669382,28.52765233,6.557695735,,
441,1/11/2020 17:00,2/11/2020 9:00,AEST,118433.3275,167.8908290608075,12.14,0.071848815,53.45276363,26.12355213,24.90640029,-2.781126547,,
442,5/11/2020 21:00,6/11/2020 16:00,AEST,165910.3731,170.8206451262433,12.14,0.13371021,56.23389017,,,3.611392811,,
443,30/11/2020 0:00,30/11/2020 8:00,AEST,50837.65518,170.44717410705948,10.75268792,0.110287071,57.70072059,29.87754937,27.71280274,0.819431081,-0.293895132,4.181729059
444,19/01/2021 11:00,21/01/2021 14:00,AEST,90215.74511,170.5779429263404,14.85,0.244300728,64.42629325,,,13.71880699,,
445,15/02/2021 13:00,15/02/2021 23:00,AEST,67534.7122,174.81808761022194,10.83,0.133482541,51.83372427,,,5.329038623,,
446,14/03/2021 11:00,14/03/2021 23:00,AEST,79855.29187,183.1754061087595,11.45,0.172701669,52.70363368,,,2.275788659,,
447,20/03/2021 0:00,21/03/2021 17:00,AEST,268941.0661,99.20239169565532,10.83,0.069391986,51.97421882,,,,,
448,12/04/2021 2:00,13/04/2021 8:00,AEST,237886.7896,165.065040951765,14.85,0.334698446,46.57137616,31.08992868,19.14226181,0.756005648,0.782185146,0.321411078
449,6/05/2021 6:00,7/05/2021 15:00,AEST,300355.9408,92.53646080611526,11.76470576,0.270386576,49.99032589,36.80105267,26.2517912,9.492220067,,
450,15/05/2021 22:00,16/05/2021 10:00,AEST,114216.331,176.61898967161648,11.45,0.201170821,38.85232891,,,-6.165104532,,
451,28/05/2021 12:00,1/06/2021 3:00,AEST,540520.3955,162.43752920037127,13.82,0.271546975,48.6910937,42.28597592,31.17609753,5.361919886,6.596283639,8.423832943
452,5/06/2021 0:00,5/06/2021 7:00,AEST,47142.31641,179.37489700683363,10.83,0.159101443,44.88433217,35.11947739,21.76227907,-2.207997498,4.654174758,-4.315256732
453,19/06/2021 0:00,20/06/2021 16:00,AEST,558367.4657,172.66979881057648,12.14,0.399527567,50.45000269,38.43870722,31.94038596,7.806263272,1.094984786,4.651116843
454,10/07/2021 4:00,11/07/2021 18:00,AEST,319271.7163,140.92466918454886,12.93,0.221389142,47.8670202,38.93236846,29.09429393,-0.161419279,13.53269429,7.236904459
455,21/07/2021 8:00,22/07/2021 2:00,AEST,170680.6076,173.59726600127442,12.14,0.276561647,46.22435008,,,1.972211865,,
456,24/08/2021 11:00,27/08/2021 11:00,AEST,717268.7015,175.19806189736198,13.82,0.519290439,53.06564998,46.33811495,35.13975931,15.90735063,,
457,6/09/2021 8:00,6/09/2021 23:00,AEST,103288.8063,174.19207299837012,12.93,0.095837339,38.69017306,,,-2.943727277,,
458,14/09/2021 16:00,15/09/2021 1:00,AEST,48065.96528,184.00152608587803,8.9,0.173543011,42.55828403,39.79930675,32.51928445,-2.528740134,,
459,21/09/2021 14:00,22/09/2021 8:00,AEST,144237.834,177.5369859781903,11.45,0.233995092,46.25037302,40.29352309,34.09131126,0.094805149,-0.227372855,0.72476586
460,14/10/2021 18:00,15/10/2021 1:00,AEST,35775.98247,61.7439516510196,9.32,0.21398565,54.01059105,,,1.522910794,,
461,26/10/2021 1:00,26/10/2021 12:00,AEST,66642.853,166.41402801620134,12.93,0.136483773,,,,,,
462,26/11/2021 14:00,29/11/2021 1:00,AEST,477040.7948,160.53077176053804,12.14,0.255739344,,,,,,
463,10/12/2021 21:00,13/12/2021 11:00,AEST,397633.6282,158.81727898721613,12.93,0.351730313,51.46267885,41.58175571,35.62113186,,,
